Topic Cluster,Topic,Type,Blog Post Ideas,Keywords,Word Count
Cryptocurrency,Altcoins,Blog,"beste altcoins 2024",altcoins,800-1000
Cryptocurrency,Altcoins,Blog,"Wat is Avalanche?",avalanche,800-1000
Cryptocurrency,Altcoins,Blog,"Wat is Cardano?",cardano,800-1000
Cryptocurrency,Altcoins,Blog,"Wat is Chainlink?",chainlink,800-1000
Cryptocurrency,Altcoins,Blog,"Wat is Dogecoin?",dogecoin,800-1000
Cryptocurrency,Altcoins,Blog,"Wat is Ethereum?",ethereum,800-1000
Cryptocurrency,Altcoins,Blog,"Wat is Litecoin?",litecoin,800-1000
Cryptocurrency,Altcoins,Blog,"Wat is Shiba Inu?",shiba inu,800-1000
Cryptocurrency,Altcoins,Blog,"Wat is Solana?",solana,800-1000
Cryptocurrency,Altcoins,Blog,"Wat is XRP?",xrp,800-1000
